{
  "test_TimeLimit.truncated_mean": [
    0.08
  ],
  "test_TimeLimit.truncated_mean_T": [
    4405294
  ],
  "test_adv_epsilon": [
    0.0,
    0.05,
    0.1,
    0.2,
    0.3,
    0.4,
    0.5,
    0.6,
    0.7,
    0.8,
    0.9,
    1.0
  ],
  "test_adv_epsilon_T": [
    4405294,
    4405294,
    4405294,
    4405294,
    4405294,
    4405294,
    4405294,
    4405294,
    4405294,
    4405294,
    4405294,
    4405294
  ],
  "test_ep_length_mean": [
    534.72,
    245.12,
    208.78,
    182.56,
    129.92,
    95.92,
    108.78,
    114.72,
    92.58,
    88.04,
    96.46,
    79.46
  ],
  "test_ep_length_mean_T": [
    4405294,
    4405294,
    4405294,
    4405294,
    4405294,
    4405294,
    4405294,
    4405294,
    4405294,
    4405294,
    4405294,
    4405294
  ],
  "test_episode_limit_mean": [
    0.08,
    0.0,
    0.0,
    0.0,
    0.0,
    0.0,
    0.0,
    0.0,
    0.0,
    0.0,
    0.0,
    0.0
  ],
  "test_episode_limit_mean_T": [
    4405294,
    4405294,
    4405294,
    4405294,
    4405294,
    4405294,
    4405294,
    4405294,
    4405294,
    4405294,
    4405294,
    4405294
  ],
  "test_epsilon_l1_norm": [
    0.0,
    0.0,
    0.0,
    0.0,
    0.0,
    0.0,
    0.0,
    0.0,
    0.0,
    0.0,
    0.0,
    0.0
  ],
  "test_epsilon_l1_norm_T": [
    4405294,
    4405294,
    4405294,
    4405294,
    4405294,
    4405294,
    4405294,
    4405294,
    4405294,
    4405294,
    4405294,
    4405294
  ],
  "test_epsilon_l2_norm": [
    0.0,
    0.0,
    0.0,
    0.0,
    0.0,
    0.0,
    0.0,
    0.0,
    0.0,
    0.0,
    0.0,
    0.0
  ],
  "test_epsilon_l2_norm_T": [
    4405294,
    4405294,
    4405294,
    4405294,
    4405294,
    4405294,
    4405294,
    4405294,
    4405294,
    4405294,
    4405294,
    4405294
  ],
  "test_epsilon_linf_norm": [
    0.0,
    0.0,
    0.0,
    0.0,
    0.0,
    0.0,
    0.0,
    0.0,
    0.0,
    0.0,
    0.0,
    0.0
  ],
  "test_epsilon_linf_norm_T": [
    4405294,
    4405294,
    4405294,
    4405294,
    4405294,
    4405294,
    4405294,
    4405294,
    4405294,
    4405294,
    4405294,
    4405294
  ],
  "test_return_mean": [
    {
      "dtype": "float64",
      "py/object": "numpy.float64",
      "value": 1933.7382005079985
    },
    {
      "dtype": "float64",
      "py/object": "numpy.float64",
      "value": 603.6874430903059
    },
    {
      "dtype": "float64",
      "py/object": "numpy.float64",
      "value": 355.4131481661721
    },
    {
      "dtype": "float64",
      "py/object": "numpy.float64",
      "value": 232.38231793433243
    },
    {
      "dtype": "float64",
      "py/object": "numpy.float64",
      "value": 56.698097832485836
    },
    {
      "dtype": "float64",
      "py/object": "numpy.float64",
      "value": -5.23066151996654
    },
    {
      "dtype": "float64",
      "py/object": "numpy.float64",
      "value": 26.907691269047156
    },
    {
      "dtype": "float64",
      "py/object": "numpy.float64",
      "value": 44.471813493471956
    },
    {
      "dtype": "float64",
      "py/object": "numpy.float64",
      "value": 18.471551293107783
    },
    {
      "dtype": "float64",
      "py/object": "numpy.float64",
      "value": 37.21274254442898
    },
    {
      "dtype": "float64",
      "py/object": "numpy.float64",
      "value": 60.358780956195616
    },
    {
      "dtype": "float64",
      "py/object": "numpy.float64",
      "value": 51.30250357473552
    }
  ],
  "test_return_mean_T": [
    4405294,
    4405294,
    4405294,
    4405294,
    4405294,
    4405294,
    4405294,
    4405294,
    4405294,
    4405294,
    4405294,
    4405294
  ],
  "test_return_std": [
    {
      "dtype": "float64",
      "py/object": "numpy.float64",
      "value": 997.725895175797
    },
    {
      "dtype": "float64",
      "py/object": "numpy.float64",
      "value": 401.4229874077693
    },
    {
      "dtype": "float64",
      "py/object": "numpy.float64",
      "value": 310.69213720678954
    },
    {
      "dtype": "float64",
      "py/object": "numpy.float64",
      "value": 399.95285619472315
    },
    {
      "dtype": "float64",
      "py/object": "numpy.float64",
      "value": 234.79955598847292
    },
    {
      "dtype": "float64",
      "py/object": "numpy.float64",
      "value": 77.5563882044379
    },
    {
      "dtype": "float64",
      "py/object": "numpy.float64",
      "value": 106.2649389561406
    },
    {
      "dtype": "float64",
      "py/object": "numpy.float64",
      "value": 101.41036366901807
    },
    {
      "dtype": "float64",
      "py/object": "numpy.float64",
      "value": 70.41142094499152
    },
    {
      "dtype": "float64",
      "py/object": "numpy.float64",
      "value": 132.96505500598792
    },
    {
      "dtype": "float64",
      "py/object": "numpy.float64",
      "value": 140.73438492691497
    },
    {
      "dtype": "float64",
      "py/object": "numpy.float64",
      "value": 125.50243007654446
    }
  ],
  "test_return_std_T": [
    4405294,
    4405294,
    4405294,
    4405294,
    4405294,
    4405294,
    4405294,
    4405294,
    4405294,
    4405294,
    4405294,
    4405294
  ]
}