{
  "test_adv_epsilon": [
    0.0,
    0.05,
    0.1,
    0.2,
    0.3,
    0.4,
    0.5,
    0.6,
    0.7,
    0.8,
    0.9,
    1.0
  ],
  "test_adv_epsilon_T": [
    4405294,
    4405294,
    4405294,
    4405294,
    4405294,
    4405294,
    4405294,
    4405294,
    4405294,
    4405294,
    4405294,
    4405294
  ],
  "test_ep_length_mean": [
    488.25,
    299.9375,
    300.375,
    186.3125,
    141.71875,
    118.34375,
    114.15625,
    108.28125,
    107.53125,
    81.75,
    95.53125,
    106.875
  ],
  "test_ep_length_mean_T": [
    4405294,
    4405294,
    4405294,
    4405294,
    4405294,
    4405294,
    4405294,
    4405294,
    4405294,
    4405294,
    4405294,
    4405294
  ],
  "test_episode_limit_mean": [
    0.0625,
    0.03125,
    0.0,
    0.0,
    0.0,
    0.0,
    0.0,
    0.0,
    0.0,
    0.0,
    0.0,
    0.0
  ],
  "test_episode_limit_mean_T": [
    4405294,
    4405294,
    4405294,
    4405294,
    4405294,
    4405294,
    4405294,
    4405294,
    4405294,
    4405294,
    4405294,
    4405294
  ],
  "test_epsilon_l1_norm": [
    0.0,
    0.049808104498440336,
    0.09980033120004142,
    0.19844299368560314,
    0.2971589233673794,
    0.3943546217154054,
    0.4897093288290864,
    0.5793447462412027,
    0.6855568742310559,
    0.7771345724230228,
    0.8639540937813845,
    0.9638819838825025
  ],
  "test_epsilon_l1_norm_T": [
    4405294,
    4405294,
    4405294,
    4405294,
    4405294,
    4405294,
    4405294,
    4405294,
    4405294,
    4405294,
    4405294,
    4405294
  ],
  "test_epsilon_l2_norm": [
    0.0,
    0.19498390461928372,
    0.38914893567562103,
    0.7020887551563126,
    0.9813074872527324,
    1.2765729322152979,
    1.4542058371110635,
    1.5885395343487079,
    1.8446547676015783,
    2.0912499997926797,
    2.2716620835390957,
    2.4581611959557783
  ],
  "test_epsilon_l2_norm_T": [
    4405294,
    4405294,
    4405294,
    4405294,
    4405294,
    4405294,
    4405294,
    4405294,
    4405294,
    4405294,
    4405294,
    4405294
  ],
  "test_epsilon_linf_norm": [
    0.0,
    0.7912692423781444,
    1.574631843140455,
    2.7623233710016524,
    3.781460745233885,
    4.863469155395732,
    5.386283127554896,
    5.780012174753042,
    6.611312371713144,
    7.5652607876321545,
    8.15588654604825,
    8.779881291640432
  ],
  "test_epsilon_linf_norm_T": [
    4405294,
    4405294,
    4405294,
    4405294,
    4405294,
    4405294,
    4405294,
    4405294,
    4405294,
    4405294,
    4405294,
    4405294
  ],
  "test_return_mean": [
    {
      "dtype": "float64",
      "py/object": "numpy.float64",
      "value": 1731.154336491155
    },
    {
      "dtype": "float64",
      "py/object": "numpy.float64",
      "value": 877.2564136733283
    },
    {
      "dtype": "float64",
      "py/object": "numpy.float64",
      "value": 799.2679473598822
    },
    {
      "dtype": "float64",
      "py/object": "numpy.float64",
      "value": 321.1446540655288
    },
    {
      "dtype": "float64",
      "py/object": "numpy.float64",
      "value": 169.121423998427
    },
    {
      "dtype": "float64",
      "py/object": "numpy.float64",
      "value": 77.84245980634257
    },
    {
      "dtype": "float64",
      "py/object": "numpy.float64",
      "value": 64.29448506903648
    },
    {
      "dtype": "float64",
      "py/object": "numpy.float64",
      "value": 33.94286059989093
    },
    {
      "dtype": "float64",
      "py/object": "numpy.float64",
      "value": 52.330233210379745
    },
    {
      "dtype": "float64",
      "py/object": "numpy.float64",
      "value": 3.4230093571818494
    },
    {
      "dtype": "float64",
      "py/object": "numpy.float64",
      "value": 32.31469486160837
    },
    {
      "dtype": "float64",
      "py/object": "numpy.float64",
      "value": 27.131034974448745
    }
  ],
  "test_return_mean_T": [
    4405294,
    4405294,
    4405294,
    4405294,
    4405294,
    4405294,
    4405294,
    4405294,
    4405294,
    4405294,
    4405294,
    4405294
  ],
  "test_return_std": [
    {
      "dtype": "float64",
      "py/object": "numpy.float64",
      "value": 961.8211305567214
    },
    {
      "dtype": "float64",
      "py/object": "numpy.float64",
      "value": 685.2241547336263
    },
    {
      "dtype": "float64",
      "py/object": "numpy.float64",
      "value": 427.43355859670174
    },
    {
      "dtype": "float64",
      "py/object": "numpy.float64",
      "value": 237.2287066514078
    },
    {
      "dtype": "float64",
      "py/object": "numpy.float64",
      "value": 220.2393425174874
    },
    {
      "dtype": "float64",
      "py/object": "numpy.float64",
      "value": 124.99262790919056
    },
    {
      "dtype": "float64",
      "py/object": "numpy.float64",
      "value": 143.03073040159845
    },
    {
      "dtype": "float64",
      "py/object": "numpy.float64",
      "value": 100.13174569432961
    },
    {
      "dtype": "float64",
      "py/object": "numpy.float64",
      "value": 122.92562535167275
    },
    {
      "dtype": "float64",
      "py/object": "numpy.float64",
      "value": 49.40893768588665
    },
    {
      "dtype": "float64",
      "py/object": "numpy.float64",
      "value": 98.28278619395172
    },
    {
      "dtype": "float64",
      "py/object": "numpy.float64",
      "value": 95.14685228854775
    }
  ],
  "test_return_std_T": [
    4405294,
    4405294,
    4405294,
    4405294,
    4405294,
    4405294,
    4405294,
    4405294,
    4405294,
    4405294,
    4405294,
    4405294
  ]
}