{
  "test_adv_epsilon": [
    0.0,
    0.05,
    0.1,
    0.2,
    0.3,
    0.4,
    0.5,
    0.6,
    0.7,
    0.8,
    0.9,
    1.0,
    1.0
  ],
  "test_adv_epsilon_T": [
    4405294,
    4405294,
    4405294,
    4405294,
    4405294,
    4405294,
    4405294,
    4405294,
    4405294,
    4405294,
    4405294,
    4405294,
    4405294
  ],
  "test_ep_length_mean": [
    513.9375,
    304.0,
    283.75,
    218.09375,
    164.34375,
    161.84375,
    116.75,
    136.3125,
    103.9375,
    111.875,
    140.78125,
    98.625,
    122.40625
  ],
  "test_ep_length_mean_T": [
    4405294,
    4405294,
    4405294,
    4405294,
    4405294,
    4405294,
    4405294,
    4405294,
    4405294,
    4405294,
    4405294,
    4405294,
    4405294
  ],
  "test_episode_limit_mean": [
    0.0,
    0.03125,
    0.03125,
    0.0,
    0.0,
    0.0,
    0.0,
    0.0,
    0.0,
    0.0,
    0.0,
    0.0,
    0.0
  ],
  "test_episode_limit_mean_T": [
    4405294,
    4405294,
    4405294,
    4405294,
    4405294,
    4405294,
    4405294,
    4405294,
    4405294,
    4405294,
    4405294,
    4405294,
    4405294
  ],
  "test_epsilon_l1_norm": [
    0.0,
    0.04967921242841559,
    0.09792238981670635,
    0.19450791985900315,
    0.2904724087288131,
    0.3891955050262245,
    0.4859077575115057,
    0.5777666950729531,
    0.6780438171699643,
    0.7676211497362923,
    0.8795469207841842,
    0.9603903704002256,
    0.9631631638322558
  ],
  "test_epsilon_l1_norm_T": [
    4405294,
    4405294,
    4405294,
    4405294,
    4405294,
    4405294,
    4405294,
    4405294,
    4405294,
    4405294,
    4405294,
    4405294,
    4405294
  ],
  "test_epsilon_l2_norm": [
    0.0,
    0.18987025841906108,
    0.3457503592132763,
    0.6199579998298927,
    0.8593027057932384,
    1.160041706519084,
    1.3574014260218694,
    1.562787348115948,
    1.8428780399262905,
    2.049343406452852,
    2.3522107146802496,
    2.4096555064936154,
    2.4871672102383204
  ],
  "test_epsilon_l2_norm_T": [
    4405294,
    4405294,
    4405294,
    4405294,
    4405294,
    4405294,
    4405294,
    4405294,
    4405294,
    4405294,
    4405294,
    4405294,
    4405294
  ],
  "test_epsilon_linf_norm": [
    0.0,
    0.7654936957043528,
    1.3716243520663802,
    2.3889432138866846,
    3.247437249368696,
    4.3436983340495345,
    4.989574647866762,
    5.681118253251197,
    6.72364583114783,
    7.354489163791432,
    8.453733340638582,
    8.537622780096335,
    8.881722150530134
  ],
  "test_epsilon_linf_norm_T": [
    4405294,
    4405294,
    4405294,
    4405294,
    4405294,
    4405294,
    4405294,
    4405294,
    4405294,
    4405294,
    4405294,
    4405294,
    4405294
  ],
  "test_return_mean": [
    {
      "dtype": "float64",
      "py/object": "numpy.float64",
      "value": 1850.502081731033
    },
    {
      "dtype": "float64",
      "py/object": "numpy.float64",
      "value": 998.9880891603036
    },
    {
      "dtype": "float64",
      "py/object": "numpy.float64",
      "value": 733.4582689832582
    },
    {
      "dtype": "float64",
      "py/object": "numpy.float64",
      "value": 486.21541052153424
    },
    {
      "dtype": "float64",
      "py/object": "numpy.float64",
      "value": 184.61847967879783
    },
    {
      "dtype": "float64",
      "py/object": "numpy.float64",
      "value": 182.81398404211888
    },
    {
      "dtype": "float64",
      "py/object": "numpy.float64",
      "value": 32.49862653073201
    },
    {
      "dtype": "float64",
      "py/object": "numpy.float64",
      "value": 38.510044889116664
    },
    {
      "dtype": "float64",
      "py/object": "numpy.float64",
      "value": 16.436573685236763
    },
    {
      "dtype": "float64",
      "py/object": "numpy.float64",
      "value": 47.93218549165272
    },
    {
      "dtype": "float64",
      "py/object": "numpy.float64",
      "value": 96.42991544035229
    },
    {
      "dtype": "float64",
      "py/object": "numpy.float64",
      "value": 38.25223548243616
    },
    {
      "dtype": "float64",
      "py/object": "numpy.float64",
      "value": 101.22625252940622
    }
  ],
  "test_return_mean_T": [
    4405294,
    4405294,
    4405294,
    4405294,
    4405294,
    4405294,
    4405294,
    4405294,
    4405294,
    4405294,
    4405294,
    4405294,
    4405294
  ],
  "test_return_std": [
    {
      "dtype": "float64",
      "py/object": "numpy.float64",
      "value": 1049.129640167655
    },
    {
      "dtype": "float64",
      "py/object": "numpy.float64",
      "value": 1093.0922701367783
    },
    {
      "dtype": "float64",
      "py/object": "numpy.float64",
      "value": 754.9765085471553
    },
    {
      "dtype": "float64",
      "py/object": "numpy.float64",
      "value": 570.749731709196
    },
    {
      "dtype": "float64",
      "py/object": "numpy.float64",
      "value": 318.9870443729779
    },
    {
      "dtype": "float64",
      "py/object": "numpy.float64",
      "value": 354.41299949577945
    },
    {
      "dtype": "float64",
      "py/object": "numpy.float64",
      "value": 155.98274546453476
    },
    {
      "dtype": "float64",
      "py/object": "numpy.float64",
      "value": 143.04535227474835
    },
    {
      "dtype": "float64",
      "py/object": "numpy.float64",
      "value": 113.97776889767442
    },
    {
      "dtype": "float64",
      "py/object": "numpy.float64",
      "value": 146.1288146953016
    },
    {
      "dtype": "float64",
      "py/object": "numpy.float64",
      "value": 207.61547788852056
    },
    {
      "dtype": "float64",
      "py/object": "numpy.float64",
      "value": 111.41247738699492
    },
    {
      "dtype": "float64",
      "py/object": "numpy.float64",
      "value": 240.58115519209372
    }
  ],
  "test_return_std_T": [
    4405294,
    4405294,
    4405294,
    4405294,
    4405294,
    4405294,
    4405294,
    4405294,
    4405294,
    4405294,
    4405294,
    4405294,
    4405294
  ]
}