{
  "test_adv_epsilon": [
    0.0,
    0.05,
    0.1,
    0.2,
    0.3,
    0.4,
    0.5,
    0.6,
    0.7,
    0.8,
    0.9,
    1.0
  ],
  "test_adv_epsilon_T": [
    4405294,
    4405294,
    4405294,
    4405294,
    4405294,
    4405294,
    4405294,
    4405294,
    4405294,
    4405294,
    4405294,
    4405294
  ],
  "test_ep_length_mean": [
    503.3,
    351.84,
    201.6,
    185.68,
    171.82,
    167.42,
    166.34,
    165.58,
    171.22,
    162.2,
    166.96,
    168.98
  ],
  "test_ep_length_mean_T": [
    4405294,
    4405294,
    4405294,
    4405294,
    4405294,
    4405294,
    4405294,
    4405294,
    4405294,
    4405294,
    4405294,
    4405294
  ],
  "test_episode_limit_mean": [
    0.02,
    0.02,
    0.0,
    0.0,
    0.0,
    0.0,
    0.0,
    0.0,
    0.0,
    0.0,
    0.0,
    0.0
  ],
  "test_episode_limit_mean_T": [
    4405294,
    4405294,
    4405294,
    4405294,
    4405294,
    4405294,
    4405294,
    4405294,
    4405294,
    4405294,
    4405294,
    4405294
  ],
  "test_epsilon_l1_norm": [
    0.0,
    0.003079710663228795,
    0.006882591768797593,
    0.01857923809947863,
    0.025789474186144377,
    0.0076576616313006425,
    0.016770188112436614,
    0.05646067522884755,
    0.0435897346235748,
    0.010839167174759445,
    0.03304599893504176,
    0.006854839863315705
  ],
  "test_epsilon_l1_norm_T": [
    4405294,
    4405294,
    4405294,
    4405294,
    4405294,
    4405294,
    4405294,
    4405294,
    4405294,
    4405294,
    4405294,
    4405294
  ],
  "test_epsilon_l2_norm": [
    0.0,
    0.000746939439272535,
    0.0016692735646900378,
    0.004506126453316277,
    0.0063376821969684805,
    0.00185725576168782,
    0.004689338044350191,
    0.013718109452322628,
    0.010970509969271146,
    0.002987416057319908,
    0.00860631671445123,
    0.0016625427430675876
  ],
  "test_epsilon_l2_norm_T": [
    4405294,
    4405294,
    4405294,
    4405294,
    4405294,
    4405294,
    4405294,
    4405294,
    4405294,
    4405294,
    4405294,
    4405294
  ],
  "test_epsilon_linf_norm": [
    0.0,
    0.00018115942298934078,
    0.00040485830562800047,
    0.00109289619114881,
    0.001578947431162784,
    0.00045045216878255207,
    0.0018633537410949327,
    0.0033707866507969547,
    0.002991452940508851,
    0.0010489550503817472,
    0.0037356464342139235,
    0.0004032273446359942
  ],
  "test_epsilon_linf_norm_T": [
    4405294,
    4405294,
    4405294,
    4405294,
    4405294,
    4405294,
    4405294,
    4405294,
    4405294,
    4405294,
    4405294,
    4405294
  ],
  "test_return_mean": [
    {
      "dtype": "float64",
      "py/object": "numpy.float64",
      "value": 1826.242576227195
    },
    {
      "dtype": "float64",
      "py/object": "numpy.float64",
      "value": 934.2041177126154
    },
    {
      "dtype": "float64",
      "py/object": "numpy.float64",
      "value": 455.013462558923
    },
    {
      "dtype": "float64",
      "py/object": "numpy.float64",
      "value": 407.8602322583883
    },
    {
      "dtype": "float64",
      "py/object": "numpy.float64",
      "value": 389.1956090684926
    },
    {
      "dtype": "float64",
      "py/object": "numpy.float64",
      "value": 382.97702694896105
    },
    {
      "dtype": "float64",
      "py/object": "numpy.float64",
      "value": 381.5344233164108
    },
    {
      "dtype": "float64",
      "py/object": "numpy.float64",
      "value": 386.0704093212352
    },
    {
      "dtype": "float64",
      "py/object": "numpy.float64",
      "value": 383.85182115145363
    },
    {
      "dtype": "float64",
      "py/object": "numpy.float64",
      "value": 367.5803551188265
    },
    {
      "dtype": "float64",
      "py/object": "numpy.float64",
      "value": 382.043709951684
    },
    {
      "dtype": "float64",
      "py/object": "numpy.float64",
      "value": 387.0688616867259
    }
  ],
  "test_return_mean_T": [
    4405294,
    4405294,
    4405294,
    4405294,
    4405294,
    4405294,
    4405294,
    4405294,
    4405294,
    4405294,
    4405294,
    4405294
  ],
  "test_return_std": [
    {
      "dtype": "float64",
      "py/object": "numpy.float64",
      "value": 848.5713896429357
    },
    {
      "dtype": "float64",
      "py/object": "numpy.float64",
      "value": 507.26328619162285
    },
    {
      "dtype": "float64",
      "py/object": "numpy.float64",
      "value": 151.5601316006083
    },
    {
      "dtype": "float64",
      "py/object": "numpy.float64",
      "value": 103.84035957372058
    },
    {
      "dtype": "float64",
      "py/object": "numpy.float64",
      "value": 89.96272794973444
    },
    {
      "dtype": "float64",
      "py/object": "numpy.float64",
      "value": 84.9860580708241
    },
    {
      "dtype": "float64",
      "py/object": "numpy.float64",
      "value": 83.28383851391175
    },
    {
      "dtype": "float64",
      "py/object": "numpy.float64",
      "value": 79.82814040554385
    },
    {
      "dtype": "float64",
      "py/object": "numpy.float64",
      "value": 90.77323947269844
    },
    {
      "dtype": "float64",
      "py/object": "numpy.float64",
      "value": 77.52740263635411
    },
    {
      "dtype": "float64",
      "py/object": "numpy.float64",
      "value": 71.09166756558592
    },
    {
      "dtype": "float64",
      "py/object": "numpy.float64",
      "value": 77.55645536868438
    }
  ],
  "test_return_std_T": [
    4405294,
    4405294,
    4405294,
    4405294,
    4405294,
    4405294,
    4405294,
    4405294,
    4405294,
    4405294,
    4405294,
    4405294
  ]
}