{
  "test_adv_epsilon": [
    0.0,
    0.05,
    0.1,
    0.2,
    0.3,
    0.4,
    0.5,
    0.6,
    0.7,
    0.8,
    0.9,
    1.0
  ],
  "test_adv_epsilon_T": [
    4405294,
    4405294,
    4405294,
    4405294,
    4405294,
    4405294,
    4405294,
    4405294,
    4405294,
    4405294,
    4405294,
    4405294
  ],
  "test_ep_length_mean": [
    597.1,
    633.1,
    447.3,
    290.9,
    256.1,
    167.2,
    187.5,
    140.4,
    109.7,
    91.6,
    90.1,
    92.7
  ],
  "test_ep_length_mean_T": [
    4405294,
    4405294,
    4405294,
    4405294,
    4405294,
    4405294,
    4405294,
    4405294,
    4405294,
    4405294,
    4405294,
    4405294
  ],
  "test_episode_limit_mean": [
    0.0,
    0.1,
    0.1,
    0.0,
    0.0,
    0.0,
    0.0,
    0.0,
    0.0,
    0.0,
    0.0,
    0.0
  ],
  "test_episode_limit_mean_T": [
    4405294,
    4405294,
    4405294,
    4405294,
    4405294,
    4405294,
    4405294,
    4405294,
    4405294,
    4405294,
    4405294,
    4405294
  ],
  "test_epsilon_l1_norm": [
    0.0,
    0.42352998881374154,
    0.8472743055981058,
    1.695810441532089,
    2.5339621797851892,
    3.432228673588146,
    4.264235417414371,
    5.098477958337121,
    6.053363019227982,
    6.788080809546298,
    7.689218229322291,
    8.330739307403565
  ],
  "test_epsilon_l1_norm_T": [
    4405294,
    4405294,
    4405294,
    4405294,
    4405294,
    4405294,
    4405294,
    4405294,
    4405294,
    4405294,
    4405294,
    4405294
  ],
  "test_epsilon_l2_norm": [
    0.0,
    0.11796969058018765,
    0.23550676689555608,
    0.4730273864026797,
    0.7058406634175259,
    0.9535060552033511,
    1.181729744381619,
    1.4180994950558827,
    1.6801290020346642,
    1.8917738726881683,
    2.141690565578973,
    2.3432553857564926
  ],
  "test_epsilon_l2_norm_T": [
    4405294,
    4405294,
    4405294,
    4405294,
    4405294,
    4405294,
    4405294,
    4405294,
    4405294,
    4405294,
    4405294,
    4405294
  ],
  "test_epsilon_linf_norm": [
    0.0,
    0.04706447780444639,
    0.0939699255431872,
    0.1888446109346847,
    0.28452642521132593,
    0.37843905795704236,
    0.4709650335773345,
    0.5663517877135588,
    0.6559620898216962,
    0.7489886811522187,
    0.852701639951165,
    0.9488944917917251
  ],
  "test_epsilon_linf_norm_T": [
    4405294,
    4405294,
    4405294,
    4405294,
    4405294,
    4405294,
    4405294,
    4405294,
    4405294,
    4405294,
    4405294,
    4405294
  ],
  "test_return_mean": [
    {
      "dtype": "float64",
      "py/object": "numpy.float64",
      "value": 2278.453687919069
    },
    {
      "dtype": "float64",
      "py/object": "numpy.float64",
      "value": 2332.018074896926
    },
    {
      "dtype": "float64",
      "py/object": "numpy.float64",
      "value": 1555.3036279137864
    },
    {
      "dtype": "float64",
      "py/object": "numpy.float64",
      "value": 915.7257441995185
    },
    {
      "dtype": "float64",
      "py/object": "numpy.float64",
      "value": 645.483784619528
    },
    {
      "dtype": "float64",
      "py/object": "numpy.float64",
      "value": 316.35250287711017
    },
    {
      "dtype": "float64",
      "py/object": "numpy.float64",
      "value": 323.6415087362538
    },
    {
      "dtype": "float64",
      "py/object": "numpy.float64",
      "value": 152.6404537076588
    },
    {
      "dtype": "float64",
      "py/object": "numpy.float64",
      "value": 84.18925889010526
    },
    {
      "dtype": "float64",
      "py/object": "numpy.float64",
      "value": 21.742007288342386
    },
    {
      "dtype": "float64",
      "py/object": "numpy.float64",
      "value": 45.90537694216013
    },
    {
      "dtype": "float64",
      "py/object": "numpy.float64",
      "value": 11.625784601337037
    }
  ],
  "test_return_mean_T": [
    4405294,
    4405294,
    4405294,
    4405294,
    4405294,
    4405294,
    4405294,
    4405294,
    4405294,
    4405294,
    4405294,
    4405294
  ],
  "test_return_std": [
    {
      "dtype": "float64",
      "py/object": "numpy.float64",
      "value": 721.8525607284622
    },
    {
      "dtype": "float64",
      "py/object": "numpy.float64",
      "value": 863.5785212306723
    },
    {
      "dtype": "float64",
      "py/object": "numpy.float64",
      "value": 1054.38482323146
    },
    {
      "dtype": "float64",
      "py/object": "numpy.float64",
      "value": 600.3087261745949
    },
    {
      "dtype": "float64",
      "py/object": "numpy.float64",
      "value": 451.35934603257704
    },
    {
      "dtype": "float64",
      "py/object": "numpy.float64",
      "value": 187.65656512532405
    },
    {
      "dtype": "float64",
      "py/object": "numpy.float64",
      "value": 265.24663626723066
    },
    {
      "dtype": "float64",
      "py/object": "numpy.float64",
      "value": 175.74682034119311
    },
    {
      "dtype": "float64",
      "py/object": "numpy.float64",
      "value": 148.60171348838767
    },
    {
      "dtype": "float64",
      "py/object": "numpy.float64",
      "value": 51.49509733736767
    },
    {
      "dtype": "float64",
      "py/object": "numpy.float64",
      "value": 111.19146833048148
    },
    {
      "dtype": "float64",
      "py/object": "numpy.float64",
      "value": 93.52348208769048
    }
  ],
  "test_return_std_T": [
    4405294,
    4405294,
    4405294,
    4405294,
    4405294,
    4405294,
    4405294,
    4405294,
    4405294,
    4405294,
    4405294,
    4405294
  ]
}