{
  "test_adv_epsilon": [
    0.0,
    0.05,
    0.1,
    0.2,
    0.3,
    0.4,
    0.5,
    0.6,
    0.7,
    0.8,
    0.9,
    1.0
  ],
  "test_adv_epsilon_T": [
    4405294,
    4405294,
    4405294,
    4405294,
    4405294,
    4405294,
    4405294,
    4405294,
    4405294,
    4405294,
    4405294,
    4405294
  ],
  "test_ep_length_mean": [
    411.3,
    542.6,
    450.2,
    214.2,
    238.5,
    129.4,
    243.8,
    95.8,
    172.2,
    134.4,
    126.5,
    112.3
  ],
  "test_ep_length_mean_T": [
    4405294,
    4405294,
    4405294,
    4405294,
    4405294,
    4405294,
    4405294,
    4405294,
    4405294,
    4405294,
    4405294,
    4405294
  ],
  "test_episode_limit_mean": [
    0.0,
    0.2,
    0.0,
    0.0,
    0.0,
    0.0,
    0.0,
    0.0,
    0.0,
    0.0,
    0.0,
    0.0
  ],
  "test_episode_limit_mean_T": [
    4405294,
    4405294,
    4405294,
    4405294,
    4405294,
    4405294,
    4405294,
    4405294,
    4405294,
    4405294,
    4405294,
    4405294
  ],
  "test_epsilon_l1_norm": [
    0.0,
    0.4261537410508273,
    0.8536135512404144,
    1.6934826492566115,
    2.572414686850139,
    3.3702788270753006,
    4.250040389989552,
    5.174406140597899,
    5.929878529962504,
    6.927452934489531,
    7.604343398142669,
    8.641347956657409
  ],
  "test_epsilon_l1_norm_T": [
    4405294,
    4405294,
    4405294,
    4405294,
    4405294,
    4405294,
    4405294,
    4405294,
    4405294,
    4405294,
    4405294,
    4405294
  ],
  "test_epsilon_l2_norm": [
    0.0,
    0.11850742160705692,
    0.23725714458851144,
    0.47174250957561514,
    0.7144051682381403,
    0.9394813193672005,
    1.1790531877624362,
    1.431669959381445,
    1.6514636345629423,
    1.913557145174812,
    2.118800060223725,
    2.411892294883728
  ],
  "test_epsilon_l2_norm_T": [
    4405294,
    4405294,
    4405294,
    4405294,
    4405294,
    4405294,
    4405294,
    4405294,
    4405294,
    4405294,
    4405294,
    4405294
  ],
  "test_epsilon_linf_norm": [
    0.0,
    0.047156602673043134,
    0.09471626518643461,
    0.188845513116198,
    0.284101099308048,
    0.3794816821471028,
    0.47145320729989754,
    0.5685834617757085,
    0.6595676327651402,
    0.750791736034786,
    0.8496335325604778,
    0.9385371625423431
  ],
  "test_epsilon_linf_norm_T": [
    4405294,
    4405294,
    4405294,
    4405294,
    4405294,
    4405294,
    4405294,
    4405294,
    4405294,
    4405294,
    4405294,
    4405294
  ],
  "test_return_mean": [
    {
      "dtype": "float64",
      "py/object": "numpy.float64",
      "value": 1394.8270712971412
    },
    {
      "dtype": "float64",
      "py/object": "numpy.float64",
      "value": 2030.6854793849095
    },
    {
      "dtype": "float64",
      "py/object": "numpy.float64",
      "value": 1613.6037006872425
    },
    {
      "dtype": "float64",
      "py/object": "numpy.float64",
      "value": 570.4459932540956
    },
    {
      "dtype": "float64",
      "py/object": "numpy.float64",
      "value": 579.9910736597001
    },
    {
      "dtype": "float64",
      "py/object": "numpy.float64",
      "value": 211.35167443701957
    },
    {
      "dtype": "float64",
      "py/object": "numpy.float64",
      "value": 538.7369815618284
    },
    {
      "dtype": "float64",
      "py/object": "numpy.float64",
      "value": 4.071346304217459
    },
    {
      "dtype": "float64",
      "py/object": "numpy.float64",
      "value": 181.5815793122898
    },
    {
      "dtype": "float64",
      "py/object": "numpy.float64",
      "value": 104.66003563227068
    },
    {
      "dtype": "float64",
      "py/object": "numpy.float64",
      "value": 71.32795282114945
    },
    {
      "dtype": "float64",
      "py/object": "numpy.float64",
      "value": 102.71445666459381
    }
  ],
  "test_return_mean_T": [
    4405294,
    4405294,
    4405294,
    4405294,
    4405294,
    4405294,
    4405294,
    4405294,
    4405294,
    4405294,
    4405294,
    4405294
  ],
  "test_return_std": [
    {
      "dtype": "float64",
      "py/object": "numpy.float64",
      "value": 793.5943616351524
    },
    {
      "dtype": "float64",
      "py/object": "numpy.float64",
      "value": 1258.2262501879968
    },
    {
      "dtype": "float64",
      "py/object": "numpy.float64",
      "value": 980.9169480781221
    },
    {
      "dtype": "float64",
      "py/object": "numpy.float64",
      "value": 485.2353783812033
    },
    {
      "dtype": "float64",
      "py/object": "numpy.float64",
      "value": 573.8202316353583
    },
    {
      "dtype": "float64",
      "py/object": "numpy.float64",
      "value": 254.8830257530443
    },
    {
      "dtype": "float64",
      "py/object": "numpy.float64",
      "value": 495.46329055446654
    },
    {
      "dtype": "float64",
      "py/object": "numpy.float64",
      "value": 23.100828502850547
    },
    {
      "dtype": "float64",
      "py/object": "numpy.float64",
      "value": 248.78735686393938
    },
    {
      "dtype": "float64",
      "py/object": "numpy.float64",
      "value": 183.84658716923454
    },
    {
      "dtype": "float64",
      "py/object": "numpy.float64",
      "value": 186.48902694285908
    },
    {
      "dtype": "float64",
      "py/object": "numpy.float64",
      "value": 272.9384549261977
    }
  ],
  "test_return_std_T": [
    4405294,
    4405294,
    4405294,
    4405294,
    4405294,
    4405294,
    4405294,
    4405294,
    4405294,
    4405294,
    4405294,
    4405294
  ]
}