{
  "test_adv_epsilon": [
    0.0,
    0.05,
    0.1,
    0.2,
    0.3,
    0.4,
    0.5,
    0.6,
    0.7,
    0.8,
    0.9,
    1.0
  ],
  "test_adv_epsilon_T": [
    4405294,
    4405294,
    4405294,
    4405294,
    4405294,
    4405294,
    4405294,
    4405294,
    4405294,
    4405294,
    4405294,
    4405294
  ],
  "test_ep_length_mean": [
    545.86,
    364.02,
    248.82,
    204.42,
    206.94,
    255.44,
    201.1,
    235.76,
    258.28,
    217.58,
    234.52,
    235.78
  ],
  "test_ep_length_mean_T": [
    4405294,
    4405294,
    4405294,
    4405294,
    4405294,
    4405294,
    4405294,
    4405294,
    4405294,
    4405294,
    4405294,
    4405294
  ],
  "test_episode_limit_mean": [
    0.16,
    0.0,
    0.0,
    0.0,
    0.0,
    0.02,
    0.0,
    0.0,
    0.02,
    0.0,
    0.0,
    0.0
  ],
  "test_episode_limit_mean_T": [
    4405294,
    4405294,
    4405294,
    4405294,
    4405294,
    4405294,
    4405294,
    4405294,
    4405294,
    4405294,
    4405294,
    4405294
  ],
  "test_epsilon_l1_norm": [
    0.0,
    0.0011053317855021423,
    0.009444446033901639,
    0.011016950768939519,
    0.017407406700981988,
    0.026699036070444052,
    0.06315789306372926,
    0.024074073191042298,
    0.0025679780637389584,
    0.017234047423017786,
    0.0,
    0.04837398994259718
  ],
  "test_epsilon_l1_norm_T": [
    4405294,
    4405294,
    4405294,
    4405294,
    4405294,
    4405294,
    4405294,
    4405294,
    4405294,
    4405294,
    4405294,
    4405294
  ],
  "test_epsilon_l2_norm": [
    0.0,
    0.00026808229549963545,
    0.0022906142804357743,
    0.0027171559252981412,
    0.0043429780889440465,
    0.006984221125111997,
    0.016126995546775953,
    0.006234262460543785,
    0.000622826220405786,
    0.0049304830267074265,
    0.0,
    0.01292209896614881
  ],
  "test_epsilon_l2_norm_T": [
    4405294,
    4405294,
    4405294,
    4405294,
    4405294,
    4405294,
    4405294,
    4405294,
    4405294,
    4405294,
    4405294,
    4405294
  ],
  "test_epsilon_linf_norm": [
    0.0,
    6.501950682062167e-05,
    0.0005555555638339784,
    0.0006779661117973974,
    0.0011111111552626997,
    0.0019417476017498277,
    0.0043859649122807015,
    0.001851851925437833,
    0.00015105797805094648,
    0.0023404260899158235,
    0.0,
    0.0040650406504065045
  ],
  "test_epsilon_linf_norm_T": [
    4405294,
    4405294,
    4405294,
    4405294,
    4405294,
    4405294,
    4405294,
    4405294,
    4405294,
    4405294,
    4405294,
    4405294
  ],
  "test_return_mean": [
    {
      "dtype": "float64",
      "py/object": "numpy.float64",
      "value": 1978.6315890699793
    },
    {
      "dtype": "float64",
      "py/object": "numpy.float64",
      "value": 1107.4813398325348
    },
    {
      "dtype": "float64",
      "py/object": "numpy.float64",
      "value": 516.8000570068223
    },
    {
      "dtype": "float64",
      "py/object": "numpy.float64",
      "value": 363.4820622724671
    },
    {
      "dtype": "float64",
      "py/object": "numpy.float64",
      "value": 384.1938538577986
    },
    {
      "dtype": "float64",
      "py/object": "numpy.float64",
      "value": 544.4863706094402
    },
    {
      "dtype": "float64",
      "py/object": "numpy.float64",
      "value": 408.798660613163
    },
    {
      "dtype": "float64",
      "py/object": "numpy.float64",
      "value": 466.9267114861684
    },
    {
      "dtype": "float64",
      "py/object": "numpy.float64",
      "value": 560.5959408734342
    },
    {
      "dtype": "float64",
      "py/object": "numpy.float64",
      "value": 421.4597638901981
    },
    {
      "dtype": "float64",
      "py/object": "numpy.float64",
      "value": 475.3889812603812
    },
    {
      "dtype": "float64",
      "py/object": "numpy.float64",
      "value": 503.9827621433862
    }
  ],
  "test_return_mean_T": [
    4405294,
    4405294,
    4405294,
    4405294,
    4405294,
    4405294,
    4405294,
    4405294,
    4405294,
    4405294,
    4405294,
    4405294
  ],
  "test_return_std": [
    {
      "dtype": "float64",
      "py/object": "numpy.float64",
      "value": 1106.6376758254462
    },
    {
      "dtype": "float64",
      "py/object": "numpy.float64",
      "value": 669.6243106510318
    },
    {
      "dtype": "float64",
      "py/object": "numpy.float64",
      "value": 465.2750066062983
    },
    {
      "dtype": "float64",
      "py/object": "numpy.float64",
      "value": 393.89015798818286
    },
    {
      "dtype": "float64",
      "py/object": "numpy.float64",
      "value": 368.0124808447983
    },
    {
      "dtype": "float64",
      "py/object": "numpy.float64",
      "value": 443.7869630150725
    },
    {
      "dtype": "float64",
      "py/object": "numpy.float64",
      "value": 328.09434631352485
    },
    {
      "dtype": "float64",
      "py/object": "numpy.float64",
      "value": 389.5859831185183
    },
    {
      "dtype": "float64",
      "py/object": "numpy.float64",
      "value": 486.9048377922645
    },
    {
      "dtype": "float64",
      "py/object": "numpy.float64",
      "value": 346.6941229386236
    },
    {
      "dtype": "float64",
      "py/object": "numpy.float64",
      "value": 379.31913704838473
    },
    {
      "dtype": "float64",
      "py/object": "numpy.float64",
      "value": 327.67902134506596
    }
  ],
  "test_return_std_T": [
    4405294,
    4405294,
    4405294,
    4405294,
    4405294,
    4405294,
    4405294,
    4405294,
    4405294,
    4405294,
    4405294,
    4405294
  ]
}