{
  "test_adv_epsilon": [
    0.0,
    0.05,
    0.1,
    0.2,
    0.3,
    0.4,
    0.5,
    0.6,
    0.7,
    0.8,
    0.9
  ],
  "test_adv_epsilon_T": [
    4405294,
    4405294,
    4405294,
    4405294,
    4405294,
    4405294,
    4405294,
    4405294,
    4405294,
    4405294,
    4405294
  ],
  "test_ep_length_mean": [
    588.9,
    500.9,
    485.8,
    312.9,
    230.4,
    217.3,
    131.2,
    140.0,
    121.1,
    157.7,
    139.2
  ],
  "test_ep_length_mean_T": [
    4405294,
    4405294,
    4405294,
    4405294,
    4405294,
    4405294,
    4405294,
    4405294,
    4405294,
    4405294,
    4405294
  ],
  "test_episode_limit_mean": [
    0.2,
    0.0,
    0.0,
    0.0,
    0.0,
    0.0,
    0.0,
    0.0,
    0.0,
    0.0,
    0.0
  ],
  "test_episode_limit_mean_T": [
    4405294,
    4405294,
    4405294,
    4405294,
    4405294,
    4405294,
    4405294,
    4405294,
    4405294,
    4405294,
    4405294
  ],
  "test_epsilon_l1_norm": [
    0.0,
    0.5344226016290805,
    1.0650181385075175,
    2.1439184401486373,
    3.2281338653957508,
    4.330232722418649,
    5.308685127426596,
    6.431922528665391,
    7.410406871906762,
    8.528752061772474,
    9.735681491893727
  ],
  "test_epsilon_l1_norm_T": [
    4405294,
    4405294,
    4405294,
    4405294,
    4405294,
    4405294,
    4405294,
    4405294,
    4405294,
    4405294,
    4405294
  ],
  "test_epsilon_l2_norm": [
    0.0,
    0.14708359846222258,
    0.29370347170568095,
    0.588932835008647,
    0.8865947522982599,
    1.1881148559706551,
    1.4700216510716606,
    1.766194589261158,
    2.044538325476415,
    2.3485591175721927,
    2.6740689002550564
  ],
  "test_epsilon_l2_norm_T": [
    4405294,
    4405294,
    4405294,
    4405294,
    4405294,
    4405294,
    4405294,
    4405294,
    4405294,
    4405294,
    4405294
  ],
  "test_epsilon_linf_norm": [
    0.0,
    0.049987534128167824,
    0.10000000149011612,
    0.20000000298023224,
    0.30000001192092896,
    0.39991639184285394,
    0.5,
    0.5997809538259192,
    0.699999988079071,
    0.800000011920929,
    0.8999999761581421
  ],
  "test_epsilon_linf_norm_T": [
    4405294,
    4405294,
    4405294,
    4405294,
    4405294,
    4405294,
    4405294,
    4405294,
    4405294,
    4405294,
    4405294
  ],
  "test_return_mean": [
    {
      "dtype": "float64",
      "py/object": "numpy.float64",
      "value": 2190.7346706975873
    },
    {
      "dtype": "float64",
      "py/object": "numpy.float64",
      "value": 1787.6688379755228
    },
    {
      "dtype": "float64",
      "py/object": "numpy.float64",
      "value": 1634.6712220512484
    },
    {
      "dtype": "float64",
      "py/object": "numpy.float64",
      "value": 882.9752159754789
    },
    {
      "dtype": "float64",
      "py/object": "numpy.float64",
      "value": 473.623442878715
    },
    {
      "dtype": "float64",
      "py/object": "numpy.float64",
      "value": 458.25235639023913
    },
    {
      "dtype": "float64",
      "py/object": "numpy.float64",
      "value": 84.0776433272342
    },
    {
      "dtype": "float64",
      "py/object": "numpy.float64",
      "value": 152.29614322212177
    },
    {
      "dtype": "float64",
      "py/object": "numpy.float64",
      "value": 38.44017421652967
    },
    {
      "dtype": "float64",
      "py/object": "numpy.float64",
      "value": 163.78284024505757
    },
    {
      "dtype": "float64",
      "py/object": "numpy.float64",
      "value": 151.64465323692815
    }
  ],
  "test_return_mean_T": [
    4405294,
    4405294,
    4405294,
    4405294,
    4405294,
    4405294,
    4405294,
    4405294,
    4405294,
    4405294,
    4405294
  ],
  "test_return_std": [
    {
      "dtype": "float64",
      "py/object": "numpy.float64",
      "value": 1238.1699841004738
    },
    {
      "dtype": "float64",
      "py/object": "numpy.float64",
      "value": 869.5374898803927
    },
    {
      "dtype": "float64",
      "py/object": "numpy.float64",
      "value": 740.5656952477398
    },
    {
      "dtype": "float64",
      "py/object": "numpy.float64",
      "value": 779.5705558059104
    },
    {
      "dtype": "float64",
      "py/object": "numpy.float64",
      "value": 468.89482006553607
    },
    {
      "dtype": "float64",
      "py/object": "numpy.float64",
      "value": 335.5375933440518
    },
    {
      "dtype": "float64",
      "py/object": "numpy.float64",
      "value": 263.464492994815
    },
    {
      "dtype": "float64",
      "py/object": "numpy.float64",
      "value": 234.6539878136003
    },
    {
      "dtype": "float64",
      "py/object": "numpy.float64",
      "value": 190.7858758915713
    },
    {
      "dtype": "float64",
      "py/object": "numpy.float64",
      "value": 278.5773296367416
    },
    {
      "dtype": "float64",
      "py/object": "numpy.float64",
      "value": 305.62601844566245
    }
  ],
  "test_return_std_T": [
    4405294,
    4405294,
    4405294,
    4405294,
    4405294,
    4405294,
    4405294,
    4405294,
    4405294,
    4405294,
    4405294
  ]
}